{"cameraMode":{"drawMode":0,"name":"Shaded","section":"Shading Mode"},"sceneLighting":false,"audioPlay":false,"sceneViewState":{"m_AlwaysRefresh":false,"showFog":true,"showSkybox":false,"showFlares":true,"showImageEffects":true,"showParticleSystems":true,"showVisualEffectGraphs":true,"m_FxEnabled":true},"in2DMode":false,"pivot":{"x":-10.242307662963868,"y":2.0483500957489015,"z":0.2863238453865051},"rotation":{"x":-0.07810740172863007,"y":0.05738861858844757,"z":-0.004551644902676344,"w":-0.9954110383987427},"size":2.26065993309021,"orthographic":false}